Status,Revision,Reference,Exception,Deadline,Priority,Robot,Postpone,Started,Ended,Transaction Execution Time,Retry No.,Specific Data,Key,Reviewer Name,Exception Reason,Output
Abandoned,None,,,,Normal,vm-mk-22\mahesh-unattended,,9/25/2024 11:46:45 AM,9/26/2024 12:00:00 PM,0,0,"{""DynamicProperties"":{""id"":""123""}}",267726ad-97be-43a8-bcee-3645ab7a5250,,,
Abandoned,None,,,,Normal,vm-mk-22\mahesh-unattended,,9/25/2024 11:48:37 AM,9/26/2024 12:00:00 PM,0,0,"{""DynamicProperties"":{""id"":""123""}}",0cb9a416-c747-4754-acdb-06df32ac94b0,,,
Abandoned,None,,,,Normal,vm-mk-22\mahesh-unattended,,9/25/2024 11:53:50 AM,9/26/2024 12:00:00 PM,0,0,"{""DynamicProperties"":{""id"":""123""}}",3dd018af-097c-45c6-b11c-7029577d432c,,,
Failed,None,,BusinessException,,Normal,vm-mk-22\mahesh-unattended,,9/25/2024 11:55:54 AM,9/25/2024 11:55:54 AM,0,0,"{""DynamicProperties"":{""id"":""123""}}",e1eb4f99-e499-48b5-ae50-986d017a67a9,,,
New,None,CY9E0WS,,,Normal,,,,,0,0,"{""DynamicProperties"":{""name"":""Lqfyw"",""id"":93}}",f72db200-d818-4b69-b058-c0effba0efe3,,,
New,None,L6X5z0u,,,Normal,,,,,0,0,"{""DynamicProperties"":{""name"":""FdKOe"",""id"":10}}",35d7206f-391a-44ef-9de7-a836a98e5207,,,
New,None,GE5w19E,,,Normal,,,,,0,0,"{""DynamicProperties"":{""name"":""kcdfA"",""id"":100}}",ba60f807-0f2d-4943-8400-ee19fab31bf0,,,
New,None,OcJTouj,,,Normal,,,,,0,0,"{""DynamicProperties"":{""name"":""ahcqs"",""id"":2}}",dad7d056-fe35-4bb2-aefc-8ac216c62693,,,
New,None,JfUvYAM,,,Normal,,,,,0,0,"{""DynamicProperties"":{""name"":""kPVXe"",""id"":38}}",b8720972-1180-4bd0-894f-aa4ae4becc03,,,
New,None,LjHRJQk,,,Normal,,,,,0,0,"{""DynamicProperties"":{""name"":""aqKZq"",""id"":20}}",74361864-c381-465f-a0b9-b539373e9453,,,
New,None,tccVCLj,,,Normal,,,,,0,0,"{""DynamicProperties"":{""name"":""KMzpc"",""id"":69}}",39afffd5-b616-449a-8faa-071a2ff19a2e,,,
New,None,3npbBb4,,,Normal,,,,,0,0,"{""DynamicProperties"":{""name"":""eEsFm"",""id"":17}}",ed744113-c922-4447-ae13-ed795b13175a,,,
New,None,ViYzylW,,,Normal,,,,,0,0,"{""DynamicProperties"":{""name"":""wjLwP"",""id"":80}}",9c853c04-641c-474a-995a-bcd3a3221cab,,,
New,None,uyJMOKo,,,Normal,,,,,0,0,"{""DynamicProperties"":{""name"":""lcOgM"",""id"":84}}",8891dfb9-a4d9-40cf-bcb5-66c03e9cff87,,,
New,None,rSNnHMo,,,Normal,,,,,0,0,"{""DynamicProperties"":{""name"":""OIiwL"",""id"":56}}",b58c252a-9fa4-4077-a54f-b40db95c94f2,,,
New,None,xznqVk6,,,Normal,,,,,0,0,"{""DynamicProperties"":{""name"":""qYhwU"",""id"":21}}",3ead3e80-1c72-4f18-bca5-60c5e6c24961,,,
New,None,2zqRHtv,,,Normal,,,,,0,0,"{""DynamicProperties"":{""name"":""OACQF"",""id"":61}}",7d858e9f-cca8-46ff-b8d5-b4bbc0406967,,,
New,None,fiPJKie,,,Normal,,,,,0,0,"{""DynamicProperties"":{""name"":""ZAovL"",""id"":19}}",6fa483e1-5ba2-478f-875b-e47e305d9fcd,,,
New,None,sUctVIx,,,Normal,,,,,0,0,"{""DynamicProperties"":{""name"":""xZgNk"",""id"":60}}",45dff330-b6d3-449d-a670-e64270642447,,,
New,None,oTY3myl,,,Normal,,,,,0,0,"{""DynamicProperties"":{""name"":""skszy"",""id"":41}}",caf95c9a-8405-4f86-9b60-f273eb40007f,,,
New,None,xtmWJzc,,,Normal,,,,,0,0,"{""DynamicProperties"":{""name"":""bfEbZ"",""id"":87}}",1c32a3c5-3ab0-41ab-a3a8-6787d458b940,,,
New,None,YH0Ij6t,,,Normal,,,,,0,0,"{""DynamicProperties"":{""name"":""umKpy"",""id"":71}}",7d991bf3-3b1a-406f-9e7c-f4758717166d,,,
New,None,Dp1kWzM,,,Normal,,,,,0,0,"{""DynamicProperties"":{""name"":""WbrDa"",""id"":63}}",9e1eef2d-a65c-4dea-b6d3-87b5e115ca9e,,,
New,None,Q6V45LJ,,,Normal,,,,,0,0,"{""DynamicProperties"":{""name"":""gWhGA"",""id"":99}}",41bdad12-36e1-417b-b628-7cd18cedb9dd,,,
New,None,D3yOMy2,,,Normal,,,,,0,0,"{""DynamicProperties"":{""name"":""TNTeo"",""id"":83}}",c1d384a5-8341-40aa-92b7-f733c6fc94d9,,,
New,None,j4TroAk,,,Normal,,,,,0,0,"{""DynamicProperties"":{""name"":""kGvrQ"",""id"":18}}",702e9a18-2fc8-475a-9fa1-9f093abccfe0,,,
New,None,nSEsM63,,,Normal,,,,,0,0,"{""DynamicProperties"":{""name"":""BWOoP"",""id"":9}}",1222888c-a63a-474e-b830-9b057a992517,,,
New,None,9K7ZOTu,,,Normal,,,,,0,0,"{""DynamicProperties"":{""name"":""lyDlR"",""id"":21}}",06a5922b-44e3-41bb-96a2-eeb35473ad97,,,
New,None,BdbWHgd,,,Normal,,,,,0,0,"{""DynamicProperties"":{""name"":""PfkVO"",""id"":91}}",26fd72fd-e8b3-4567-8b15-8def22875bd7,,,
New,None,qEqkgdJ,,,Normal,,,,,0,0,"{""DynamicProperties"":{""name"":""QwviB"",""id"":99}}",17ad6a8d-43c1-46fb-ab7d-ba69ee9ab5ba,,,
New,None,mkssYg3,,,Normal,,,,,0,0,"{""DynamicProperties"":{""name"":""nejzd"",""id"":15}}",7e318faf-3ce5-4da4-9f0a-2e14956f88a5,,,
New,None,rmfMgHJ,,,Normal,,,,,0,0,"{""DynamicProperties"":{""name"":""LeldO"",""id"":64}}",2aa227b7-e88c-411a-9a78-d7155732c606,,,
New,None,qIw25oM,,,Normal,,,,,0,0,"{""DynamicProperties"":{""name"":""WEdvA"",""id"":53}}",92052549-bb89-4811-8213-b1a4da69727b,,,
New,None,tL8X71b,,,Normal,,,,,0,0,"{""DynamicProperties"":{""name"":""NmTrv"",""id"":2}}",e8c74b4d-63e4-4a71-8c09-21d4d3ef65b1,,,
New,None,m3OEU5Z,,,Normal,,,,,0,0,"{""DynamicProperties"":{""name"":""yygBL"",""id"":91}}",c8bee775-2f66-442f-bb56-e1b1200a7ae5,,,
New,None,YcTTgzM,,,Normal,,,,,0,0,"{""DynamicProperties"":{""name"":""KEsrX"",""id"":98}}",7ef54b17-86ea-4b78-b1c3-c640a031f9be,,,
New,None,oVoTcVy,,,Normal,,,,,0,0,"{""DynamicProperties"":{""name"":""KWeQA"",""id"":85}}",ed41c7de-f56d-4031-8781-1179fb5eb3b3,,,
New,None,TvOR8BQ,,,Normal,,,,,0,0,"{""DynamicProperties"":{""name"":""yWhuf"",""id"":25}}",13eae7af-56dd-486e-94fb-28b52a4eda5e,,,
New,None,XGU8xGn,,,Normal,,,,,0,0,"{""DynamicProperties"":{""name"":""PNPoB"",""id"":26}}",335489a9-33c6-4ef0-8988-c3030f4e29a3,,,
New,None,yrGfrJp,,,Normal,,,,,0,0,"{""DynamicProperties"":{""name"":""bAfDN"",""id"":28}}",ce432db9-a428-469c-8219-936210001c17,,,
New,None,iQeFwZj,,,Normal,,,,,0,0,"{""DynamicProperties"":{""name"":""WykwK"",""id"":53}}",fa92b3e2-2501-46e4-8e34-7f660c2c4ef1,,,
New,None,KCrnBS6,,,Normal,,,,,0,0,"{""DynamicProperties"":{""name"":""Epvym"",""id"":64}}",b46a38fb-9ed3-43a6-b2fa-01a8e8abf20c,,,
New,None,hB0n9YU,,,Normal,,,,,0,0,"{""DynamicProperties"":{""name"":""HnXgf"",""id"":99}}",7276bdec-1650-4405-9f6a-ac5953f89b63,,,
New,None,xcWkPsb,,,Normal,,,,,0,0,"{""DynamicProperties"":{""name"":""sHtfu"",""id"":75}}",cf540c35-7e23-40df-81aa-ccabc1ca1db6,,,
New,None,IVJtjes,,,Normal,,,,,0,0,"{""DynamicProperties"":{""name"":""wtcta"",""id"":48}}",006090ad-f420-4a38-b5bb-d753f798e131,,,
New,None,crSNq53,,,Normal,,,,,0,0,"{""DynamicProperties"":{""name"":""kBJMI"",""id"":66}}",24393c93-369c-4327-bdf7-c9077b8b478f,,,
New,None,pCP5fkl,,,Normal,,,,,0,0,"{""DynamicProperties"":{""name"":""DMKud"",""id"":76}}",7f86a8bb-33fa-49ac-bdba-4b3a26b77dd2,,,
New,None,BPDEfAe,,,Normal,,,,,0,0,"{""DynamicProperties"":{""name"":""eejkB"",""id"":79}}",28580978-736f-4fdb-a381-f4ec35bd7e0f,,,
New,None,Se2KvCK,,,Normal,,,,,0,0,"{""DynamicProperties"":{""name"":""ISgDw"",""id"":36}}",4135cf51-d7ad-4e5b-ad72-63e5467f4664,,,
New,None,nNCtqfA,,,Normal,,,,,0,0,"{""DynamicProperties"":{""name"":""CezzO"",""id"":2}}",e8decf2f-3386-4e39-bfa9-a6770454bcbf,,,
New,None,VeJMKD2,,,Normal,,,,,0,0,"{""DynamicProperties"":{""name"":""UljKf"",""id"":2}}",693d794b-dfa4-4224-85bb-b9e869027fad,,,
New,None,YzhpFGK,,,Normal,,,,,0,0,"{""DynamicProperties"":{""name"":""tyaQZ"",""id"":6}}",a9113c9f-b22c-4933-b86c-83b098d05b60,,,
New,None,ie4hnIo,,,Normal,,,,,0,0,"{""DynamicProperties"":{""name"":""ShqHL"",""id"":81}}",e98dbeed-e4d1-46f3-a363-7ff6891e1a25,,,
New,None,T2VXcCc,,,Normal,,,,,0,0,"{""DynamicProperties"":{""name"":""vQcoz"",""id"":74}}",8f584648-4c1d-40e6-b8f4-758211dab928,,,
New,None,NGojWT8,,,Normal,,,,,0,0,"{""DynamicProperties"":{""name"":""OKXdz"",""id"":54}}",12758662-260b-44dc-bd87-e1743614655b,,,
New,None,IvgSCpO,,,Normal,,,,,0,0,"{""DynamicProperties"":{""name"":""impoD"",""id"":13}}",7e7e828f-866b-4fec-ad9a-7d0eb11a5462,,,
New,None,crUcKRc,,,Normal,,,,,0,0,"{""DynamicProperties"":{""name"":""lUPJi"",""id"":83}}",3acd226e-20dc-40cb-9c44-c3c83cda7cf8,,,
New,None,X33QQgm,,,Normal,,,,,0,0,"{""DynamicProperties"":{""name"":""aWASJ"",""id"":3}}",e30e4de6-ca17-44cf-9975-740e3769b3b4,,,
New,None,k46jtmB,,,Normal,,,,,0,0,"{""DynamicProperties"":{""name"":""QBWDO"",""id"":25}}",4098a6f3-f281-4580-95fb-ca5226a4126b,,,
New,None,wAILVzE,,,Normal,,,,,0,0,"{""DynamicProperties"":{""name"":""TmwpY"",""id"":11}}",f4b5e590-76d9-4d34-ab87-14508bc38a55,,,
New,None,5HpvjEP,,,Normal,,,,,0,0,"{""DynamicProperties"":{""name"":""zAxoE"",""id"":71}}",4414e1a0-9e26-49c9-be33-5cde75cd4f67,,,
New,None,DTq8igx,,,Normal,,,,,0,0,"{""DynamicProperties"":{""name"":""UUKhH"",""id"":60}}",0fe9fe8a-d009-4164-ba09-c2956ce63d10,,,
New,None,3Ihz6JZ,,,Normal,,,,,0,0,"{""DynamicProperties"":{""name"":""AQmrx"",""id"":80}}",4e7763da-c593-427b-a762-e36c5e83e954,,,
New,None,A1qbOHW,,,Normal,,,,,0,0,"{""DynamicProperties"":{""name"":""ClUct"",""id"":47}}",9fcfe186-ff54-48e6-adf5-7f1dffdcf652,,,
New,None,aXGAPEs,,,Normal,,,,,0,0,"{""DynamicProperties"":{""name"":""EvQYm"",""id"":38}}",6ed1c402-fc08-417b-8c54-c8801f41ce25,,,
New,None,n4hDqtT,,,Normal,,,,,0,0,"{""DynamicProperties"":{""name"":""TcXoA"",""id"":49}}",654e0320-b8f8-4be8-bf04-ae5aa58490aa,,,
New,None,g1thfka,,,Normal,,,,,0,0,"{""DynamicProperties"":{""name"":""OrgQj"",""id"":41}}",1e4fc12d-d8d8-4d85-a51b-70795cca4e83,,,
New,None,CuAy6Im,,,Normal,,,,,0,0,"{""DynamicProperties"":{""name"":""lDSPA"",""id"":100}}",33c7c658-bbae-4e9d-a4b9-c3521a4bc06e,,,
New,None,idQIWPo,,,Normal,,,,,0,0,"{""DynamicProperties"":{""name"":""VKgai"",""id"":55}}",74dcf0cb-9544-49b5-b545-8cc3b11003dd,,,
New,None,ZicaHlI,,,Normal,,,,,0,0,"{""DynamicProperties"":{""name"":""zGmkl"",""id"":95}}",8dd1c9b6-92b0-4e41-8cbf-4f0634e7417b,,,
New,None,g5rGpgV,,,Normal,,,,,0,0,"{""DynamicProperties"":{""name"":""sXRyQ"",""id"":40}}",3d162244-7503-43f2-bf15-b9d75b9bb704,,,
New,None,MIRGYwm,,,Normal,,,,,0,0,"{""DynamicProperties"":{""name"":""NNOvD"",""id"":38}}",d5973071-b977-45cb-aefd-df292d92df91,,,
New,None,Oe5lrPF,,,Normal,,,,,0,0,"{""DynamicProperties"":{""name"":""LBWfL"",""id"":23}}",f37ff8f0-41ea-4691-bf66-59eeefbe9412,,,
New,None,pdk8z5G,,,Normal,,,,,0,0,"{""DynamicProperties"":{""name"":""rvHgn"",""id"":20}}",79e01f51-abe8-4a2d-867d-6420f559f540,,,
New,None,o9hyl9i,,,Normal,,,,,0,0,"{""DynamicProperties"":{""name"":""cQUwF"",""id"":80}}",2c9acc95-fe2b-4b02-b88a-bed04d93655c,,,
New,None,s5e9HGc,,,Normal,,,,,0,0,"{""DynamicProperties"":{""name"":""rLpEb"",""id"":80}}",dc62dc48-930f-47fb-84ef-db355f3b7fb2,,,
New,None,fTMb8F8,,,Normal,,,,,0,0,"{""DynamicProperties"":{""name"":""meeEI"",""id"":52}}",ee4fd9f5-12e6-4e1f-9097-6457378b226b,,,
New,None,aJ3WxfY,,,Normal,,,,,0,0,"{""DynamicProperties"":{""name"":""zUzZd"",""id"":41}}",a8f57ba4-f010-444b-80a5-1bb1cc212d75,,,
New,None,6FLudJz,,,Normal,,,,,0,0,"{""DynamicProperties"":{""name"":""jRqDr"",""id"":18}}",c2b45914-abc6-41dd-bfa0-f2c5585f72f6,,,
New,None,PRB6s0R,,,Normal,,,,,0,0,"{""DynamicProperties"":{""name"":""siWAJ"",""id"":26}}",51422dbc-d615-415c-b4c8-0d3f27db39bc,,,
New,None,iUlpoPF,,,Normal,,,,,0,0,"{""DynamicProperties"":{""name"":""yFGYl"",""id"":31}}",c4bba51a-5200-4be8-a544-b4f89f122832,,,
New,None,L16kOVZ,,,Normal,,,,,0,0,"{""DynamicProperties"":{""name"":""Ygqpf"",""id"":88}}",85db3af9-ed72-47f2-9f5c-310375c0633f,,,
New,None,PyTWhGC,,,Normal,,,,,0,0,"{""DynamicProperties"":{""name"":""RLfNV"",""id"":45}}",2bf2f9c4-1024-4f50-98e9-92e233541c5c,,,
New,None,9ABsXqp,,,Normal,,,,,0,0,"{""DynamicProperties"":{""name"":""XtjuU"",""id"":80}}",6c3f2626-6e78-4edc-a9a4-2068334ed3f1,,,
New,None,PKtQV8O,,,Normal,,,,,0,0,"{""DynamicProperties"":{""name"":""rVAIz"",""id"":53}}",69448825-cc0c-4408-a7cf-76168b63ccc3,,,
New,None,hVw4tzk,,,Normal,,,,,0,0,"{""DynamicProperties"":{""name"":""rCSVM"",""id"":40}}",5dcb1068-0a5e-4078-a565-cb0d8be8329a,,,
New,None,W3l3CIE,,,Normal,,,,,0,0,"{""DynamicProperties"":{""name"":""yLXKO"",""id"":56}}",39baaf6a-fc4c-4916-bbcf-2a425e6c1535,,,
New,None,T4n5JKE,,,Normal,,,,,0,0,"{""DynamicProperties"":{""name"":""cYuIV"",""id"":79}}",706acd39-d771-4aec-acac-a7f7aa699e43,,,
New,None,OZ155IL,,,Normal,,,,,0,0,"{""DynamicProperties"":{""name"":""cjdvI"",""id"":13}}",dfe50587-45ab-4888-9d8d-35a3caf971db,,,
New,None,rAuocYu,,,Normal,,,,,0,0,"{""DynamicProperties"":{""name"":""eeJPp"",""id"":21}}",4525ee9e-d4cf-4b06-868d-1af355e4de91,,,
New,None,RgChMa3,,,Normal,,,,,0,0,"{""DynamicProperties"":{""name"":""ovcrP"",""id"":19}}",57765d89-7490-4d32-9419-64117e94d684,,,
New,None,Bd5rx9l,,,Normal,,,,,0,0,"{""DynamicProperties"":{""name"":""NcnhF"",""id"":87}}",aaedc704-9db1-430a-9cc3-039ac4f73fea,,,
New,None,fqCV6jW,,,Normal,,,,,0,0,"{""DynamicProperties"":{""name"":""qHQgZ"",""id"":41}}",a88d9092-2cd2-492e-a7e3-0db4be6e722c,,,
New,None,NsVw6N2,,,Normal,,,,,0,0,"{""DynamicProperties"":{""name"":""tEnjP"",""id"":42}}",c5c699a6-c191-43f7-b681-a5ac0846948e,,,
New,None,w1rCUPB,,,Normal,,,,,0,0,"{""DynamicProperties"":{""name"":""EZKmB"",""id"":61}}",bb751a72-acd5-422f-a442-9dd5467ec6b0,,,
New,None,s7JgRAx,,,Normal,,,,,0,0,"{""DynamicProperties"":{""name"":""iSJpH"",""id"":99}}",1bbc7dd4-21f6-4812-a0ba-c929c322d727,,,
New,None,6jfDnRe,,,Normal,,,,,0,0,"{""DynamicProperties"":{""name"":""IDSeI"",""id"":37}}",03546e36-5472-404a-8630-6a24bebdb1f7,,,
New,None,7kd6yDF,,,Normal,,,,,0,0,"{""DynamicProperties"":{""name"":""dSyNR"",""id"":48}}",d68ba768-0223-4fbd-a350-91ec8d5b61d0,,,
New,None,O0MTtqm,,,Normal,,,,,0,0,"{""DynamicProperties"":{""name"":""mqAcM"",""id"":4}}",884afea3-5bba-4cff-ba77-8e91fb24e9e4,,,
New,None,6OMDNVc,,,Normal,,,,,0,0,"{""DynamicProperties"":{""name"":""exkbI"",""id"":65}}",05e5988c-aa38-4f7a-bb9a-064cc4125be2,,,
New,None,215zczc,,,Normal,,,,,0,0,"{""DynamicProperties"":{""name"":""lvGNe"",""id"":51}}",1b450c11-eb66-4afc-bddd-8cad2ca1a0d0,,,
New,None,CuVlkZv,,,Normal,,,,,0,0,"{""DynamicProperties"":{""name"":""KvVEN"",""id"":82}}",51cfda7a-04b2-4daf-be2e-0cf0d83b9935,,,
New,None,rSCrEor,,,Normal,,,,,0,0,"{""DynamicProperties"":{""name"":""MMSSh"",""id"":86}}",600d1de6-0f4d-4dae-a540-6e661f313134,,,
